20200102 00:00,3236600,3252500,3225400,3250700,8890856
20200103 00:00,3217700,3236400,3196900,3227400,10623102
20200106 00:00,3201300,3239400,3199300,3232200,8087764
20200107 00:00,3241300,3241300,3187900,3194700,6386891
20200108 00:00,3222000,3257799,3220200,3251500,10456194
20200109 00:00,3261900,3269400,3255200,3269000,7354977
20200110 00:00,3271700,3277200,3252000,3256200,6741933
20200113 00:00,3266900,3284100,3259300,3283800,6297159
20200114 00:00,3274400,3286200,3268500,3272000,9142254
20200115 00:00,3274700,3290299,3270400,3288000,9040143
20200116 00:00,3297200,3313700,3293399,3311300,7450737
20200117 00:00,3313900,3321800,3310700,3318000,8818673
20200121 00:00,3304900,3321800,3301400,3312000,9308231
20200122 00:00,3323000,3329500,3306900,3306900,6148592
20200123 00:00,3310000,3324000,3294100,3322500,8245858
20200124 00:00,3327400,3329200,3273700,3284100,13217846
20200127 00:00,3256100,3256100,3226800,3240299,13759637
20200128 00:00,3244400,3278399,3235600,3268900,10503631
20200129 00:00,3280899,3286300,3259900,3267300,8719469
20200130 00:00,3245000,3288800,3235500,3283200,13835180
20200131 00:00,3274800,3274800,3207400,3219200,18595175
20200203 00:00,3234400,3261500,3227200,3236100,10874847
20200204 00:00,3274100,3300100,3272000,3288800,9640388
20200205 00:00,3309600,3333399,3306800,3329000,10813933
20200206 00:00,3344600,3346400,3328100,3344500,7653442
20200207 00:00,3337500,3340000,3315100,3317400,9419550
20200210 00:00,3317700,3348900,3311000,3346100,6694174
20200211 00:00,3355000,3370200,3347450,3356200,8470976
20200212 00:00,3366300,3377600,3360000,3361500,6671562
20200213 00:00,3361000,3381100,3346200,3370600,8678999
20200214 00:00,3377700,3381700,3362000,3378100,8604539
20200218 00:00,3363500,3375000,3352200,3374000,9110894
20200219 00:00,3373500,3390700,3372500,3388600,6698066
20200220 00:00,3375899,3386350,3337000,3353600,13354288
20200221 00:00,3354000,3359700,3325800,3334500,15249837
20200224 00:00,3264300,3265200,3212400,3238000,27976220
20200225 00:00,3243900,3246100,3116900,3150000,41146036
20200226 00:00,3116500,3181100,3091000,3102799,35463494
20200227 00:00,3093900,3103600,2936200,2968700,48636794
20200228 00:00,2917700,2996600,2855500,2990000,67862814
20200302 00:00,3000100,3094200,2906600,3083000,38011446
20200303 00:00,3086400,3138200,2975700,2993399,57396538
20200304 00:00,3051300,3131000,3033300,3108300,26711257
20200305 00:00,3075899,3084600,3000200,3027700,25100946
20200306 00:00,2988100,2996000,2902300,2953500,37281869
20200309 00:00,2894000,2894000,2702900,2802900,57203079
20200310 00:00,2819600,2888200,2735000,2831700,53568323
20200311 00:00,2814200,2840000,2708800,2738000,46454680
20200312 00:00,2639500,2666500,2420000,2448500,75706248
20200313 00:00,2579900,2720000,2495800,2671500,65569861
20200316 00:00,2627500,2627500,2373600,2448600,51249792
20200317 00:00,2469700,2564000,2370700,2429500,47550607
20200318 00:00,2394000,2476500,2280300,2460000,70980353
20200319 00:00,2402300,2473800,2322200,2373500,52445233
20200320 00:00,2438500,2500800,2263700,2263700,57619374
20200323 00:00,2215400,2388900,2182500,2263900,58325921
20200324 00:00,2320500,2471500,2303900,2424700,36579185
20200325 00:00,2469400,2563500,2390400,2469600,45903894
20200326 00:00,2422100,2635000,2404000,2633500,36763436
20200327 00:00,2580000,2608000,2510600,2520900,34281222
20200330 00:00,2503200,2625899,2502000,2619000,25003625
20200331 00:00,2629400,2638700,2541600,2543100,25730870
20200401 00:00,2518400,2519800,2439000,2475000,31433775
20200402 00:00,2476200,2528100,2429400,2508900,31524882
20200403 00:00,2500000,2533200,2452300,2479900,25459576
20200406 00:00,2582400,2669600,2567000,2665299,28542594
20200407 00:00,2707500,2750299,2629400,2652000,29809439
20200408 00:00,2658800,2754000,2630500,2749700,21779665
20200409 00:00,2767900,2812000,2704000,2790299,26154116
20200413 00:00,2746300,2781700,2714100,2770200,16862180
20200414 00:00,2791500,2847100,2784400,2833900,19174116
20200415 00:00,2802600,2809600,2754100,2756600,17651532
20200416 00:00,2779200,2893900,2757600,2875100,20044047
20200417 00:00,2861400,2881200,2824049,2866500,19395438
20200420 00:00,2857100,2862900,2807500,2819200,14194303
20200421 00:00,2791700,2802799,2720200,2744700,21231064
20200422 00:00,2758000,2809900,2756000,2781300,13803102
20200423 00:00,2782600,2839400,2767900,2773700,18486943
20200424 00:00,2782500,2836900,2771800,2832500,12413602
20200427 00:00,2856800,2882700,2846200,2869500,11968926
20200428 00:00,2881800,2914500,2854000,2873900,17315301
20200429 00:00,2893700,2961000,2882100,2948399,20793909
20200430 00:00,2942200,2954000,2856100,2876800,20115476
20200501 00:00,2843600,2860400,2815200,2828100,19468777
20200504 00:00,2806500,2839000,2787100,2835000,13397333
20200505 00:00,2862400,2892500,2836100,2870200,11943274
20200506 00:00,2878500,2889600,2827000,2836800,12883708
20200507 00:00,2869300,2897700,2867100,2895200,10925196
20200508 00:00,2908600,2937400,2898600,2937400,11297068
20200511 00:00,2943399,2943399,2893500,2919500,10897740
20200512 00:00,2918600,2942300,2831000,2832900,17031547
20200513 00:00,2856800,2879400,2789649,2820200,21945850
20200514 00:00,2809700,2857500,2763800,2857200,19386912
20200515 00:00,2863600,2864000,2813399,2856900,13681546
20200518 00:00,2892300,2967500,2888000,2954000,15437569
20200519 00:00,2952799,2962000,2912799,2927200,12057735
20200520 00:00,2934600,2978700,2934400,2968300,11074632
20200521 00:00,2957700,2976700,2936900,2953800,11310467
20200522 00:00,2912300,2960899,2912200,2955700,8958440
20200526 00:00,3007900,3022500,2986900,2993900,12635538
20200527 00:00,3019100,3045899,2968700,3044500,16244714
20200528 00:00,3046900,3068399,3022400,3027900,13620938
20200529 00:00,3021200,3061300,2995500,3060899,17904153
20200601 00:00,3052700,3062000,3025200,3041900,8615409
20200602 00:00,3056000,3090700,3050899,3088900,11607643
20200603 00:00,3092799,3132200,3088600,3126600,13084564
20200604 00:00,3113700,3130000,3090899,3112000,13278985
20200605 00:00,3147200,3212700,3131800,3191500,23352430
20200608 00:00,3189600,3234100,3189200,3226100,11390162
20200609 00:00,3211400,3223600,3193399,3219200,12662331
20200610 00:00,3223600,3224800,3166000,3166800,17560183
20200611 00:00,3131500,3148500,3000100,3030800,43680909
20200612 00:00,3047000,3090650,2986000,3035000,36221048
20200615 00:00,2962000,3101600,2958900,3101500,24345729
20200616 00:00,3100899,3169700,3076700,3139000,30911317
20200617 00:00,3148900,3160000,3103800,3106000,13471403
20200618 00:00,3114900,3133100,3088000,3129300,12710525
20200619 00:00,3121200,3144900,3058600,3061500,21132613
20200622 00:00,3084200,3125600,3067500,3122900,12370174
20200623 00:00,3133399,3145700,3108200,3112000,11236544
20200624 00:00,3107400,3108100,3021000,3038200,24910408
20200625 00:00,3015899,3080000,3012799,3073700,15168353
20200626 00:00,3064800,3081000,2993399,3001500,21572777
20200629 00:00,3012400,3059500,2989400,3054800,14288740
20200630 00:00,3040600,3102000,3032200,3082799,18585067
20200701 00:00,3086800,3118850,3064600,3103500,12353860
20200702 00:00,3121600,3156800,3115100,3127000,12369181
20200706 00:00,3166200,3179000,3155600,3177300,9773987
20200707 00:00,3153800,3175200,3133700,3141800,13763602
20200708 00:00,3146300,3170500,3127100,3168500,9346769
20200709 00:00,3162000,3172000,3106800,3151600,14313819
20200710 00:00,3127799,3181800,3119700,3181100,11040752
20200713 00:00,3191100,3227100,3141300,3155000,17914793
20200714 00:00,3149300,3218000,3120000,3209900,18499327
20200715 00:00,3206800,3233800,3192700,3218600,14795505
20200716 00:00,3201100,3212799,3189200,3204100,9936079
20200717 00:00,3196500,3225800,3196000,3219000,9611931
20200720 00:00,3199900,3251300,3196200,3243800,10610552
20200721 00:00,3263800,3273300,3239500,3256000,9285294
20200722 00:00,3245299,3272000,3228800,3261500,9834848
20200723 00:00,3281900,3285100,3214900,3234300,13727522
20200724 00:00,3206500,3225200,3192400,3203000,12429687
20200727 00:00,3215200,3238100,3207799,3237500,7847030
20200728 00:00,3233900,3236500,3208550,3218000,8665063
20200729 00:00,3220400,3257300,3215100,3251500,8347387
20200730 00:00,3228600,3273900,3196400,3267900,11909884
20200731 00:00,3255700,3270600,3213300,3264400,13366583
20200803 00:00,3265700,3296200,3257200,3288100,8701697
20200804 00:00,3280700,3300899,3271500,3299800,7233884
20200805 00:00,3318700,3323900,3310000,3319800,7031282
20200806 00:00,3323500,3345500,3301500,3341100,8892549
20200807 00:00,3339100,3348800,3323100,3345700,11040651
20200810 00:00,3351200,3357700,3329600,3353200,7701108
20200811 00:00,3369100,3378700,3320100,3333700,13136753
20200812 00:00,3355000,3382799,3349000,3371100,9436163
20200813 00:00,3369200,3382500,3358300,3376200,7336583
20200814 00:00,3362200,3374200,3350500,3366500,6929320
20200817 00:00,3375400,3387600,3370000,3386200,6136039
20200818 00:00,3377400,3391000,3366200,3389200,6263791
20200819 00:00,3391600,3396100,3362100,3362900,10520330
20200820 00:00,3361200,3390000,3350299,3389700,7805130
20200821 00:00,3382100,3397100,3357600,3396300,7876066
20200824 00:00,3412100,3434200,3410600,3433900,7374757
20200825 00:00,3445000,3447200,3422700,3446000,6772118
20200826 00:00,3444400,3483500,3441400,3477300,8540077
20200827 00:00,3474900,3499000,3465350,3492600,9617356
20200828 00:00,3494100,3510500,3481600,3510000,7479570
20200831 00:00,3517100,3518100,3485000,3496900,9783843
20200901 00:00,3512900,3535600,3492500,3535500,8637928
20200902 00:00,3544800,3587500,3534300,3584300,13237764
20200903 00:00,3580800,3583600,3426000,3432500,28283252
20200904 00:00,3468700,3485000,3348700,3419900,23604118
20200908 00:00,3435700,3435800,3296800,3323000,22745947
20200909 00:00,3354200,3424600,3351500,3409000,15378571
20200910 00:00,3383100,3425200,3328500,3348100,19919766
20200911 00:00,3361600,3376100,3310100,3339100,14554617
20200914 00:00,3381500,3403800,3365500,3386500,11256066
20200915 00:00,3392500,3420200,3390299,3402900,8147205
20200916 00:00,3413200,3430600,3385299,3391100,12865427
20200917 00:00,3345500,3376900,3328100,3360000,15624722
20200918 00:00,3343700,3361500,3279700,3313800,14274403
20200921 00:00,3281300,3281500,3217200,3281000,17090312
20200922 00:00,3265899,3309000,3258700,3301400,10344277
20200923 00:00,3308600,3318900,3210500,3216900,15753674
20200924 00:00,3229700,3267900,3198000,3253700,14915484
20200925 00:00,3238300,3295750,3207000,3280299,11182984
20200928 00:00,3312200,3354700,3308700,3353800,9948348
20200929 00:00,3339500,3347700,3316300,3335500,8297554
20200930 00:00,3304900,3382799,3296000,3361000,15846355
20201001 00:00,3376100,3387300,3350100,3367700,11683464
20201002 00:00,3327600,3359200,3304700,3324400,14827280
20201005 00:00,3351500,3399500,3351300,3388500,7855189
20201006 00:00,3387300,3421700,3331900,3346100,16691524
20201007 00:00,3373900,3416300,3366500,3413600,8424854
20201008 00:00,3423800,3454200,3414800,3452600,8223805
20201009 00:00,3449600,3478800,3446500,3472100,10033440
20201012 00:00,3479600,3540150,3479600,3530600,9812042
20201013 00:00,3514200,3531100,3491000,3507700,10520332
20201014 00:00,3515899,3523000,3471400,3483500,9621243
20201015 00:00,3463100,3486000,3431400,3483200,10750656
20201016 00:00,3477100,3507450,3460600,3462100,9968648
20201019 00:00,3488200,3494300,3410500,3439000,12752151
20201020 00:00,3441000,3468800,3418200,3444300,11123430
20201021 00:00,3440500,3456700,3402799,3413300,12014925
20201022 00:00,3417500,3455000,3406500,3451500,9988106
20201023 00:00,3454100,3461800,3431300,3455000,8438289
20201026 00:00,3415100,3429800,3356300,3391700,16051569
20201027 00:00,3404600,3410299,3357700,3365500,11055131
20201028 00:00,3353300,3356500,3261300,3281900,21192439
20201029 00:00,3290600,3333850,3250899,3276500,14852675
20201030 00:00,3243700,3296800,3226000,3275000,20211252
20201102 00:00,3285100,3323600,3272400,3309600,13808038
20201103 00:00,3336500,3394200,3331800,3382900,14195853
20201104 00:00,3377500,3479300,3357799,3435500,23511962
20201105 00:00,3479100,3521850,3472799,3499300,13869405
20201106 00:00,3480400,3518700,3457200,3509500,11621708
20201109 00:00,3552400,3667700,3540700,3546000,28125535
20201110 00:00,3543200,3557600,3505899,3536600,13381749
20201111 00:00,3565700,3575600,3550600,3568200,8006859
20201112 00:00,3547200,3568600,3512600,3533100,11017430
20201113 00:00,3551600,3588900,3547100,3582799,9526763
20201116 00:00,3605800,3636600,3595899,3623500,12258576
20201117 00:00,3610500,3619200,3583399,3608900,9032778
20201118 00:00,3603000,3622100,3556500,3563000,10689196
20201119 00:00,3547300,3581800,3541500,3548600,8569411
20201120 00:00,3567100,3581900,3542500,3550500,7360748
20201123 00:00,3577900,3596200,3548600,3590899,8143303
20201124 00:00,3598800,3642300,3592900,3640600,9317023
20201125 00:00,3632400,3635400,3614800,3631100,5422404
20201127 00:00,3635000,3641800,3625899,3636600,3714598
20201130 00:00,3621800,3638500,3591700,3637600,11043222
20201201 00:00,3655000,3676700,3649300,3657400,9921151
20201202 00:00,3651800,3672700,3642100,3666000,6698759
20201203 00:00,3662300,3681800,3655000,3670000,9417933
20201204 00:00,3675500,3699400,3668700,3691100,7536329
20201207 00:00,3675100,3696200,3673700,3682500,7378309
20201208 00:00,3683200,3714000,3664100,3706300,5462239
20201209 00:00,3712799,3713100,3659500,3674000,10931457
20201210 00:00,3672500,3680899,3644300,3672200,7774326
20201211 00:00,3648000,3665800,3628500,3660800,8603287
20201214 00:00,3680800,3698000,3644700,3653900,8937653
20201215 00:00,3668800,3697799,3659200,3693200,7137552
20201216 00:00,3703200,3711500,3688700,3703500,7131978
20201217 00:00,3718800,3725000,3710500,3722700,5787116
20201218 00:00,3708000,3723399,3670250,3700000,13370212
20201221 00:00,3676900,3688000,3595800,3675899,14413721
20201222 00:00,3682100,3689600,3660400,3676900,6285852
20201223 00:00,3679500,3696200,3669200,3678100,6746182
20201224 00:00,3682100,3695000,3674500,3692300,3651389
20201228 00:00,3712400,3728300,3710000,3728300,5397088
20201229 00:00,3739000,3740100,3708300,3716000,7074423
20201230 00:00,3727000,3730800,3715500,3721900,6467702
20201231 00:00,3713800,3746900,3710000,3743900,9185656
20210104 00:00,3757400,3767200,3648100,3687000,15319113
20210105 00:00,3691200,3724900,3668399,3709500,8497108
20210106 00:00,3686200,3769800,3681600,3745000,15955607
20210107 00:00,3757500,3798900,3742500,3794800,9551523
20210108 00:00,3801700,3819600,3771100,3816000,10141260
20210111 00:00,3792700,3805800,3772500,3792500,7697834
20210112 00:00,3792900,3801700,3763750,3790500,7060231
20210113 00:00,3792200,3808600,3772500,3802000,6682085
20210114 00:00,3808100,3811300,3781000,3789800,6798808
20210115 00:00,3774400,3779000,3737200,3747700,10546742
20210119 00:00,3777700,3798500,3767500,3798500,6569386
20210120 00:00,3796400,3847950,3793500,3843600,7750526
20210121 00:00,3846500,3852600,3832500,3839000,6108122
20210122 00:00,3824900,3840700,3809700,3826400,6763674
20210125 00:00,3842000,3847700,3784600,3842000,11180693
20210126 00:00,3836700,3858399,3833500,3842000,7171219
20210127 00:00,3832500,3837000,3700000,3706000,20324619
20210128 00:00,3705600,3819200,3703200,3762500,13430479
20210129 00:00,3740299,3770400,3682799,3696000,23759402
20210201 00:00,3732700,3773399,3714200,3765500,11105424
20210202 00:00,3788600,3832100,3788300,3824700,9869230
20210203 00:00,3829400,3836900,3804900,3828800,7817755
20210204 00:00,3827799,3865400,3818300,3861400,6656399
20210205 00:00,3869600,3884700,3864900,3880500,6586330
20210208 00:00,3886000,3909100,3883100,3906000,5830394
20210209 00:00,3902799,3908900,3891700,3906100,5449043
20210210 00:00,3917100,3924800,3875000,3902100,8843553
20210211 00:00,3910200,3916900,3881200,3907000,6907788
20210212 00:00,3894000,3932000,3894000,3931000,6842003
20210216 00:00,3947500,3950500,3915400,3918500,8212857
20210217 00:00,3926500,3926900,3893300,3926000,8298570
20210218 00:00,3920700,3920800,3877400,3902100,8883617
20210219 00:00,3908399,3927600,3893600,3897100,10084320
20210222 00:00,3864700,3896200,3862900,3874200,10802704
20210223 00:00,3872200,3889400,3802000,3872799,18716978
20210224 00:00,3874600,3930600,3852799,3930600,12005073
20210225 00:00,3918100,3921200,3807799,3818300,28643614
20210226 00:00,3839500,3855800,3782300,3801000,31389947
20210301 00:00,3849500,3909200,3841200,3900500,19569923
20210302 00:00,3870000,3900700,3862500,3875100,15596847
20210303 00:00,3887400,3895100,3795000,3795000,24101385
20210304 00:00,3807900,3840000,3718800,3758100,34385643
20210305 00:00,3750000,3847600,3726400,3837799,28062154
20210308 00:00,3812700,3876800,3795000,3836000,26933144
20210309 00:00,3852100,3899100,3848800,3874000,19347902
20210310 00:00,3875400,3914000,3864000,3898500,21423870
20210311 00:00,3922600,3956500,3915800,3939600,13920459
20210312 00:00,3911200,3945400,3909100,3941000,9564479
20210315 00:00,3938800,3967100,3920400,3959500,13269203
20210316 00:00,3965800,3978300,3950800,3962200,13826601
20210317 00:00,3959100,3981200,3933100,3980200,15239771
20210318 00:00,3959900,3967200,3907500,3919800,17723606
20210319 00:00,3912900,3917900,3871500,3891000,15936084
20210322 00:00,3886800,3940600,3884200,3932200,10663283
20210323 00:00,3917700,3934500,3886600,3894300,14324386
20210324 00:00,3894600,3927500,3873399,3881500,17777033
20210325 00:00,3879400,3906500,3839000,3903300,20526038
20210326 00:00,3910000,3964100,3900400,3956200,18420193
20210329 00:00,3937100,3967500,3928200,3962000,15445992
20210330 00:00,3956700,3957600,3930200,3946400,13062915
20210331 00:00,3942200,3979950,3939600,3966200,15855179
20210401 00:00,3976000,4012300,3972400,4012000,11334858
20210405 00:00,4021300,4069600,4020800,4067200,13169656
20210406 00:00,4053700,4072300,4050000,4067500,9896428
20210407 00:00,4064500,4078399,4053000,4076000,9430219
20210408 00:00,4079200,4095000,4069350,4095000,8438056
20210409 00:00,4091300,4116600,4077200,4106800,10094939
20210412 00:00,4104800,4120000,4102000,4116700,9543318
20210413 00:00,4117600,4135299,4096800,4126500,9537377
20210414 00:00,4130700,4139500,4108700,4118100,10746061
20210415 00:00,4132400,4161549,4130500,4158200,11339741
20210416 00:00,4154600,4179100,4152900,4168000,10976697
20210419 00:00,4168700,4170500,4137900,4157200,12377451
20210420 00:00,4156800,4156800,4106000,4119300,10717723
20210421 00:00,4124700,4162700,4110899,4149600,11575076
20210422 00:00,4156000,4167750,4111400,4125500,15785889
20210423 00:00,4134800,4182400,4125500,4162400,11769513
20210426 00:00,4168000,4182149,4161400,4179500,7345042
20210427 00:00,4180899,4182700,4163300,4176400,6850271
20210428 00:00,4175000,4190100,4169000,4184400,8655484
20210429 00:00,4200100,4207200,4164400,4193100,13972800
20210430 00:00,4188100,4189800,4163500,4172200,13768680
20210503 00:00,4191100,4198400,4175000,4175600,9747622
20210504 00:00,4172000,4179900,4116700,4156000,15728692
20210505 00:00,4167600,4176300,4149300,4156900,11403537
20210506 00:00,4162900,4193800,4136800,4191200,13757523
20210507 00:00,4191300,4228150,4191000,4224000,11545326
20210510 00:00,4222600,4229000,4168700,4179600,13774974
20210511 00:00,4151600,4155800,4100800,4142400,20000038
20210512 00:00,4140100,4140200,4047700,4061200,22322009
20210513 00:00,4039500,4123399,4028399,4110299,20566112
20210514 00:00,4122900,4174900,4120200,4173900,13193644
20210517 00:00,4153900,4163800,4133600,4162200,11541274
20210518 00:00,4170200,4170800,4106000,4106000,10175096
20210519 00:00,4092900,4111000,4053300,4098200,16476940
20210520 00:00,4105200,4166250,4082600,4158200,12653320
20210521 00:00,4158500,4182000,4144500,4154200,10384095
20210524 00:00,4168200,4203150,4162900,4198200,8644959
20210525 00:00,4203900,4207000,4176200,4191000,8047293
20210526 00:00,4194600,4200600,4177600,4190000,6958528
20210527 00:00,4181300,4212500,4176900,4211900,8108555
20210528 00:00,4209200,4213800,4197900,4199700,7543370
20210601 00:00,4215800,4227200,4188399,4192799,7738837
20210602 00:00,4195600,4212200,4190899,4206300,6588967
20210603 00:00,4197000,4199900,4162799,4183700,8770063
20210604 00:00,4188700,4229200,4181200,4226200,7549807
20210607 00:00,4217800,4229900,4211900,4223000,7213566
20210608 00:00,4221900,4233600,4203200,4223800,7086169
20210609 00:00,4223500,4232600,4214100,4218400,6106798
20210610 00:00,4216800,4246200,4205100,4234600,8144702
20210611 00:00,4235600,4245100,4228200,4244300,6540409
20210614 00:00,4247900,4254500,4231100,4250700,6239413
20210615 00:00,4259900,4259900,4235450,4244000,6347589
20210616 00:00,4242200,4248400,4199400,4203600,11402826
20210617 00:00,4208300,4230000,4193200,4223100,11154814
20210618 00:00,4204800,4208300,4135700,4136100,13355949
20210621 00:00,4160700,4216100,4156500,4212000,9804504
20210622 00:00,4206200,4239900,4200800,4232600,7581946
20210623 00:00,4233200,4240500,4225100,4231100,6547827
20210624 00:00,4238400,4258000,4238400,4254900,6150312
20210625 00:00,4253300,4270900,4250400,4267100,8300241
20210628 00:00,4268700,4276500,4258900,4272000,6409163
20210629 00:00,4275200,4285600,4270500,4282500,5153680
20210630 00:00,4280600,4289200,4263700,4288700,7992476
20210701 00:00,4297700,4306000,4281500,4303800,7377891
20210702 00:00,4309600,4341000,4303800,4333800,7913236
20210706 00:00,4332400,4340000,4300000,4322000,10326351
20210707 00:00,4335000,4347500,4315100,4344800,9142250
20210708 00:00,4310500,4317300,4274900,4302600,15475752
20210709 00:00,4314000,4358100,4314000,4356100,10835696
20210712 00:00,4338500,4373500,4338300,4371600,7434297
20210713 00:00,4366200,4378400,4349400,4350200,7645715
20210714 00:00,4351800,4379100,4347800,4362300,8665768
20210715 00:00,4355000,4364200,4327200,4337500,9042988
20210716 00:00,4348300,4363200,4309200,4312800,11568507
20210719 00:00,4294400,4299400,4219800,4257400,22328457
20210720 00:00,4266600,4324100,4248300,4320200,15475371
20210721 00:00,4326100,4351600,4311000,4349700,9815059
20210722 00:00,4350300,4366900,4337000,4364800,6128180
20210723 00:00,4371600,4402900,4367900,4392300,8631170
20210726 00:00,4376100,4411600,4371000,4406900,6099219
20210727 00:00,4391800,4407000,4359900,4387500,10462482
20210728 00:00,4390100,4403000,4373100,4389400,8485790
20210729 00:00,4392500,4418000,4381500,4382000,7251825
20210730 00:00,4369900,4400500,4368600,4388300,10268828
20210802 00:00,4407600,4412900,4373000,4381900,9298835
20210803 00:00,4390400,4412700,4361100,4404200,8963076
20210804 00:00,4405600,4409800,4387400,4393000,7216882
20210805 00:00,4397600,4418500,4396000,4413100,5653584
20210806 00:00,4414800,4429400,4413500,4423500,6999980
20210809 00:00,4416900,4427950,4413100,4420900,5210780
20210810 00:00,4421500,4434350,4418850,4424600,6485193
20210811 00:00,4419900,4439500,4419100,4435700,6481736
20210812 00:00,4436000,4452600,4426600,4448800,5949160
20210813 00:00,4453700,4459400,4450700,4454000,5096299
20210816 00:00,4451700,4472400,4428700,4467500,9497801
20210817 00:00,4450600,4455000,4408500,4430000,12399884
20210818 00:00,4434900,4446100,4375000,4388000,12452365
20210819 00:00,4363100,4411400,4345000,4391000,13406691
20210820 00:00,4375500,4437100,4371500,4435100,9860522
20210823 00:00,4444800,4482200,4443000,4480100,7800435
20210824 00:00,4482200,4485300,4473700,4478000,5209658
20210825 00:00,4479800,4494500,4475000,4488800,5669596
20210826 00:00,4485800,4489300,4461600,4463200,9138427
20210827 00:00,4477900,4506450,4470600,4504400,10110386
20210830 00:00,4505300,4530700,4503900,4523800,6634225
20210831 00:00,4533200,4534200,4509200,4524400,7517376
20210901 00:00,4535200,4535400,4515450,4519600,7432660
20210902 00:00,4524800,4540500,4519200,4531400,6223767
20210903 00:00,4539300,4545000,4513200,4527700,6802005
20210907 00:00,4535000,4535000,4507500,4510800,6806393
20210908 00:00,4500000,4517600,4488700,4504700,8942000
20210909 00:00,4495900,4525700,4483800,4487600,9532773
20210910 00:00,4505400,4514800,4452500,4452600,13680319
20210913 00:00,4473000,4489200,4441100,4472200,11928455
20210914 00:00,4467400,4485600,4432300,4446900,10301749
20210915 00:00,4446800,4484000,4434500,4481700,10236791
20210916 00:00,4477200,4483500,4440200,4464900,10739483
20210917 00:00,4458800,4459300,4400800,4410200,14828368
20210920 00:00,4390300,4390300,4288600,4350200,26618189
20210921 00:00,4384200,4389300,4324600,4325700,12423596
20210922 00:00,4349500,4400300,4349500,4386700,14788969
20210923 00:00,4407700,4448800,4389900,4435200,10827488
20210924 00:00,4416300,4446650,4405200,4442100,7805351
20210927 00:00,4450700,4455000,4419000,4424700,7482088
20210928 00:00,4402400,4404400,4329500,4348600,17999828
20210929 00:00,4368800,4371200,4338500,4355600,12077096
20210930 00:00,4377400,4380000,4289400,4299500,19290760
20211001 00:00,4273200,4360300,4261000,4348800,17738127
20211004 00:00,4321800,4339500,4263600,4287700,17813133
20211005 00:00,4287900,4354900,4286200,4324500,13018860
20211006 00:00,4288100,4366400,4269500,4360600,16414777
20211007 00:00,4375200,4416800,4369300,4395300,10432986
20211008 00:00,4386600,4403100,4371900,4373700,10638942
20211011 00:00,4363200,4402600,4338200,4344100,8974984
20211012 00:00,4331400,4362000,4320000,4324200,9959753
20211013 00:00,4336700,4360500,4315400,4357300,9784116
20211014 00:00,4375700,4437700,4375700,4432000,9925537
20211015 00:00,4436000,4462600,4434000,4458700,8351909
20211018 00:00,4443900,4475500,4432500,4472800,8022263
20211019 00:00,4481000,4512200,4480700,4510700,6807867
20211020 00:00,4503300,4527300,4502000,4516300,7136684
20211021 00:00,4513800,4538250,4508900,4525900,5966427
20211022 00:00,4531500,4546700,4510600,4523000,8649386
20211025 00:00,4535100,4561700,4523900,4561700,6001132
20211026 00:00,4570600,4584900,4550000,4565500,7927710
20211027 00:00,4567900,4571400,4538600,4548800,7758482
20211028 00:00,4548100,4584800,4543300,4569900,6615193
20211029 00:00,4563100,4597700,4554600,4596700,8304119
20211101 00:00,4600900,4614300,4582100,4598600,6677439
20211102 00:00,4598900,4622200,4593600,4614200,6473231
20211103 00:00,4614000,4655000,4608300,4654500,7409529
20211104 00:00,4651000,4672700,4649900,4671700,7134397
20211105 00:00,4666500,4706500,4666000,4678000,8891432
20211108 00:00,4685100,4702200,4682100,4684000,6086704
20211109 00:00,4689600,4695600,4658800,4667600,6909335
20211110 00:00,4668300,4673750,4620400,4636900,10008106
20211111 00:00,4646400,4656600,4637500,4646000,5677256
20211112 00:00,4645500,4680300,4640000,4675000,7628803
20211115 00:00,4680900,4692200,4662300,4674600,6526233
20211116 00:00,4668700,4704800,4666100,4694600,6642514
20211117 00:00,4694400,4694800,4674800,4682900,6412689
20211118 00:00,4693800,4703400,4663400,4700100,6851060
20211119 00:00,4711300,4713000,4680000,4692000,6836877
20211122 00:00,4703800,4735400,4669500,4680800,11494554
20211123 00:00,4661900,4690900,4644500,4677900,9987600
20211124 00:00,4679500,4698200,4651900,4697300,8498340
20211126 00:00,4620100,4639000,4568000,4570300,15437753
20211129 00:00,4620800,4665500,4615900,4658500,11813044
20211130 00:00,4599200,4640300,4553000,4579900,20652994
20211201 00:00,4603600,4646600,4495000,4523500,19329575
20211202 00:00,4532800,4590700,4502500,4558700,17186725
20211203 00:00,4568600,4603000,4489200,4542000,19166893
20211206 00:00,4555900,4607800,4529000,4587200,13013695
20211207 00:00,4623000,4693300,4623000,4685300,13079964
20211208 00:00,4695200,4710000,4668350,4692800,7784460
20211209 00:00,4686800,4691100,4659100,4670900,8063240
20211210 00:00,4676400,4708900,4665200,4704000,9835789
20211213 00:00,4718200,4725400,4661000,4669900,10439947
20211214 00:00,4676200,4679200,4602500,4632400,11301142
20211215 00:00,4638500,4717000,4607500,4712000,15163452
20211216 00:00,4731700,4748600,4648000,4663100,15263164
20211217 00:00,4645600,4647300,4580600,4615500,14716456
20211220 00:00,4536000,4571200,4511400,4569000,13888057
20211221 00:00,4577800,4634400,4563100,4628300,10367437
20211222 00:00,4619800,4683300,4616400,4681500,7183815
20211223 00:00,4684200,4721900,4682400,4706300,7014134
20211227 00:00,4710200,4773900,4708300,4768000,6690342
20211228 00:00,4778100,4788100,4760600,4775000,5466246
20211229 00:00,4779000,4785600,4759300,4771200,5936908
20211230 00:00,4778600,4789950,4756800,4762400,6173823
20211231 00:00,4758800,4768600,4746600,4751500,8196229
20220103 00:00,4766800,4781400,4738500,4774000,9363274
20220104 00:00,4784100,4799800,4755900,4770400,8403406
20220105 00:00,4770200,4779800,4675000,4690000,13204564
20220106 00:00,4684600,4708000,4654400,4691600,11559980
20220107 00:00,4674600,4692900,4646600,4660100,9708644
20220110 00:00,4658600,4668100,4566000,4658000,17109240
20220111 00:00,4661400,4699600,4620500,4695900,10883461
20220112 00:00,4689500,4732000,4689100,4708600,9407296
20220113 00:00,4706500,4728800,4634700,4646800,11480105
20220114 00:00,4647500,4658900,4599100,4653300,14037903
20220118 00:00,4604900,4607500,4553100,4561600,15105288
20220119 00:00,4558800,4596100,4508800,4509400,12464300
20220120 00:00,4531500,4587450,4431900,4455000,18434858
20220121 00:00,4459700,4480400,4365100,4367800,29426756
20220124 00:00,4398000,4405500,4207600,4396500,43903491
20220125 00:00,4337800,4397300,4271500,4350100,28713239
20220126 00:00,4374500,4440400,4288600,4357500,39213669
20220127 00:00,4323600,4415900,4294500,4330800,28008595
20220128 00:00,4322100,4427400,4261800,4421500,29953813
20220131 00:00,4426900,4502800,4391900,4487700,21051319
20220201 00:00,4500900,4549700,4469400,4546000,16654311
20220202 00:00,4550500,4581200,4525300,4527000,16296990
20220203 00:00,4534500,4535600,4457100,4514000,18054995
20220204 00:00,4502100,4527800,4434900,4483500,18300692
20220207 00:00,4480300,4509900,4458500,4481900,14566501
20220208 00:00,4481400,4521000,4452200,4520100,11710857
20220209 00:00,4536300,4580200,4535000,4573700,13916509
20220210 00:00,4561800,4578800,4472000,4480200,23817342
20220211 00:00,4468200,4516000,4389500,4408000,27356900
20220214 00:00,4366100,4416900,4352000,4398100,23596886
20220215 00:00,4439000,4463300,4431800,4448500,14447337
20220216 00:00,4471000,4480500,4419400,4457000,13375585
20220217 00:00,4443200,4460500,4363700,4374600,16403560
20220218 00:00,4394700,4396600,4318200,4324600,21228529
20220222 00:00,4291800,4355000,4258600,4320200,22415223
20220223 00:00,4332900,4341600,4206000,4216000,22285694
20220224 00:00,4160000,4287600,4101000,4260700,40439612
20220225 00:00,4234400,4384000,4228200,4380200,21270083
20220228 00:00,4297800,4382000,4296400,4375000,24473559
20220301 00:00,4367400,4371700,4271600,4314300,23158296
20220302 00:00,4289600,4395900,4289100,4372000,19596864
20220303 00:00,4375700,4415200,4338500,4369900,16462027
20220304 00:00,4328300,4342400,4278800,4300000,20005512
20220307 00:00,4257900,4322300,4178900,4185000,22629994
20220308 00:00,4206300,4272000,4145899,4167000,29931982
20220309 00:00,4217200,4295100,4213800,4271200,20628234
20220310 00:00,4245400,4267000,4204500,4263400,13938162
20220311 00:00,4252800,4332100,4195300,4201000,15162704
20220314 00:00,4227000,4250000,4158000,4178800,16424290
20220315 00:00,4157000,4268400,4136200,4253200,16957609
20220316 00:00,4290700,4372300,4247900,4362500,26679244
20220317 00:00,4359900,4411500,4327200,4386500,16111068
20220318 00:00,4380400,4456700,4357100,4454600,15221257
20220321 00:00,4431900,4464600,4406800,4436700,15070197
20220322 00:00,4446500,4505700,4445500,4501100,11091517
20220323 00:00,4496600,4497100,4433000,4443000,11751568
20220324 00:00,4455200,4507800,4447500,4501400,9843522
20220325 00:00,4509700,4530100,4484400,4529000,11042903
20220328 00:00,4517600,4561900,4500600,4558100,10837833
20220329 00:00,4568300,4620700,4568300,4611100,13863616
20220330 00:00,4604200,4611900,4564700,4588900,11386347
20220331 00:00,4596000,4596000,4515100,4532100,16455267
20220401 00:00,4536800,4545600,4491400,4532800,12750417
20220404 00:00,4524900,4569300,4521900,4564000,8506113
20220405 00:00,4573000,4578300,4498300,4512800,11133218
20220406 00:00,4492000,4496300,4434700,4451900,18266671
20220407 00:00,4463400,4506800,4435350,4492500,15202290
20220408 00:00,4504600,4509800,4459500,4472400,12869188
20220411 00:00,4464200,4466000,4393950,4396600,14215314
20220412 00:00,4382100,4457400,4366600,4396400,14365902
20220413 00:00,4408400,4440900,4375100,4430500,11756768
20220414 00:00,4434600,4447300,4376000,4377400,13387276
20220418 00:00,4358700,4401800,4353300,4401300,10938704
20220419 00:00,4390800,4458000,4363500,4434200,12978853
20220420 00:00,4433000,4475600,4427300,4462200,11548127
20220421 00:00,4478500,4500100,4368400,4369300,15410572
20220422 00:00,4379100,4382700,4239500,4242300,22548910
20220425 00:00,4223600,4289200,4188399,4283400,21876799
20220426 00:00,4265200,4280500,4130000,4166600,18598503
20220427 00:00,4202200,4229200,4150200,4205900,18062473
20220428 00:00,4231600,4296300,4176100,4239100,16509606
20220429 00:00,4260700,4264100,4112100,4134000,23267216
20220502 00:00,4127000,4159200,4050200,4140100,26309330
20220503 00:00,4157300,4189400,4124200,4169400,16506685
20220504 00:00,4172799,4296500,4137100,4281000,28151309
20220505 00:00,4270100,4272400,4094400,4142500,31250807
20220506 00:00,4124500,4148000,4057300,4110000,27525213
20220509 00:00,4066400,4067600,3965000,3994400,28714267
20220510 00:00,4011200,4060800,3948300,3982200,23694601
20220511 00:00,4005700,4045400,3919600,3938600,28570826
20220512 00:00,3922600,3958000,3851549,3939000,25927757
20220513 00:00,3961800,4031700,3956100,4014500,17859534
20220516 00:00,3994300,4039600,3976000,4004600,11199111
20220517 00:00,4035200,4091000,4025899,4082500,12481909
20220518 00:00,4066000,4076900,3895000,3895000,17188222
20220519 00:00,3889600,3941400,3854100,3905700,15846124
20220520 00:00,3895000,3946500,3805500,3906200,19918558
20220523 00:00,3939700,3979000,3904000,3945100,14671655
20220524 00:00,3919200,3960500,3869600,3956000,15541892
20220525 00:00,3945400,3994500,3912000,3967300,14554506
20220526 00:00,3988900,4070299,3966400,4054100,12509888
20220527 00:00,4049000,4166800,4049000,4166000,12595082
20220531 00:00,4138100,4164600,4100299,4144900,14099096
20220601 00:00,4138600,4162400,4069400,4084700,14346131
20220602 00:00,4106000,4186000,4070400,4180000,11405793
20220603 00:00,4162300,4166100,4095200,4103000,10444288
20220606 00:00,4145000,4165899,4105600,4119000,8491459
20220607 00:00,4103200,4162200,4074200,4145500,7678145
20220608 00:00,4140200,4158200,4103800,4116900,7559804
20220609 00:00,4112700,4141700,4012799,4019800,9884438
20220610 00:00,4009100,4023500,3895299,3902500,16317150
20220613 00:00,3820000,3822600,3733100,3758200,22005091
20220614 00:00,3793100,3795000,3705899,3757200,12951345
20220615 00:00,3758000,3838800,3721200,3816600,19637173
20220616 00:00,3722500,3730500,3640800,3684400,17935363
20220617 00:00,3679600,3695000,3621600,3663300,13406676
20220621 00:00,3726400,3765200,3707500,3746700,9432264
20220622 00:00,3681900,3787100,3676800,3726500,10592332
20220623 00:00,3724900,3788300,3723900,3768399,9588665
20220624 00:00,3807400,3900899,3801100,3896300,12958669
20220627 00:00,3925800,3929400,3874400,3890100,8158707
20220628 00:00,3898900,3931600,3804100,3812000,10461710
20220629 00:00,3806900,3822600,3784200,3800600,9005683
20220630 00:00,3774800,3806300,3725600,3773000,14834089
20220701 00:00,3746500,3817000,3738000,3811400,10981756
20220705 00:00,3815500,3825800,3729100,3808900,11442112
20220706 00:00,3822900,3858700,3796000,3836500,10268710
20220707 00:00,3846000,3898300,3834500,3881800,7895564
20220708 00:00,3878500,3906350,3853600,3887900,8565078
20220711 00:00,3858000,3870500,3835000,3848399,8177595
20220712 00:00,3817500,3861600,3789900,3806900,8899909
20220713 00:00,3808000,3856000,3738100,3765100,11930273
20220714 00:00,3761000,3794900,3710500,3794900,11082648
20220715 00:00,3781100,3853700,3775800,3851900,9516234
20220718 00:00,3882700,3893800,3806600,3829300,7651248
20220719 00:00,3824900,3934000,3824900,3930200,9667633
20220720 00:00,3925899,3962500,3909000,3942100,9437344
20220721 00:00,3941500,3990299,3916400,3969700,8900857
20220722 00:00,3971000,4001800,3927600,3941600,8401069
20220725 00:00,3946300,3975000,3930000,3942000,7054753
20220726 00:00,3948600,3952300,3899500,3940000,7239999
20220727 00:00,3946000,4028800,3939400,4004300,11014950
20220728 00:00,4002300,4096900,3981500,4082100,9393323
20220729 00:00,4088000,4130200,4067700,4115000,9490312
20220801 00:00,4111900,4134000,4084200,4101800,9000428
20220802 00:00,4086300,4130000,4068300,4081700,9010134
20220803 00:00,4085500,4156900,4081300,4137799,8792131
20220804 00:00,4143700,4160800,4124500,4143100,5431244
20220805 00:00,4146900,4149800,4092600,4128000,8202231
20220808 00:00,4147700,4176200,4118300,4141200,6779356
20220809 00:00,4136200,4139000,4102200,4116900,6082000
20220810 00:00,4115000,4201800,4115000,4201200,9033438
20220811 00:00,4209300,4249400,4192100,4203300,7481896
20220812 00:00,4223100,4272100,4209900,4271900,7749958
20220815 00:00,4250600,4294000,4238500,4286200,6821567
20220816 00:00,4282900,4317300,4268800,4297200,7083340
20220817 00:00,4286000,4295000,4245400,4259900,8166465
20220818 00:00,4257600,4286050,4254700,4276600,5463127
20220819 00:00,4257000,4258500,4212200,4217500,8397428
20220822 00:00,4180899,4182600,4124000,4143800,9222160
20220823 00:00,4141100,4154100,4117700,4120400,6812056
20220824 00:00,4111500,4151100,4111300,4138300,6632400
20220825 00:00,4177000,4195600,4140899,4189700,6999824
20220826 00:00,4182900,4210200,4036800,4038000,13940697
20220829 00:00,4028100,4058399,4010200,4036200,8976883
20220830 00:00,4052500,4066800,3960100,3983399,11375093
20220831 00:00,3989000,4012400,3925500,3930800,9179185
20220901 00:00,3926600,3976700,3900500,3976700,11439318
20220902 00:00,3959000,4015600,3903350,3927400,13350363
20220906 00:00,3948700,3959500,3884200,3903399,10237674
20220907 00:00,3909600,3985800,3893900,3975100,9086785
20220908 00:00,3971900,4010000,3941000,4007600,10383365
20220909 00:00,4024400,4075100,4023399,4062000,9341096
20220912 00:00,4079300,4119400,4076000,4113900,8872766
20220913 00:00,4127400,4150000,3919200,3939400,16324252
20220914 00:00,3945100,3962000,3911200,3953900,10563346
20220915 00:00,3956200,3959600,3871100,3876300,12011707
20220916 00:00,3853700,3874500,3821200,3874500,13973321
20220919 00:00,3829200,3897600,3815000,3897600,9454522
20220920 00:00,3881400,3883399,3812000,3843300,10680598
20220921 00:00,3839600,3893000,3750000,3751800,17221134
20220922 00:00,3782300,3803200,3734500,3749900,13765781
20220923 00:00,3728200,3732100,3632900,3681000,18413569
20220926 00:00,3671300,3702100,3630299,3651500,11538007
20220927 00:00,3691700,3704000,3608800,3635500,14782873
20220928 00:00,3617799,3723000,3587100,3700600,13982986
20220929 00:00,3662000,3685299,3597200,3642400,14924925
20220930 00:00,3660299,3667300,3570200,3579500,18179623
20221003 00:00,3574600,3685500,3563000,3676900,10614003
20221004 00:00,3719800,3782500,3710000,3770600,12688291
20221005 00:00,3753300,3794500,3709400,3785899,11026193
20221006 00:00,3769600,3787100,3718100,3721500,10810181
20221007 00:00,3721800,3745000,3609400,3619500,13704206
20221010 00:00,3614400,3644000,3576900,3607900,8901600
20221011 00:00,3575500,3630200,3557200,3582799,12826703
20221012 00:00,3588300,3611900,3563000,3576400,8844243
20221013 00:00,3572900,3675100,3481200,3658399,22710153
20221014 00:00,3668100,3712000,3565000,3566000,14213316
20221017 00:00,3613700,3700000,3602400,3697500,11532113
20221018 00:00,3730700,3754400,3675299,3741000,12324662
20221019 00:00,3717900,3730299,3655500,3675200,9002675
20221020 00:00,3664700,3726600,3636700,3641700,10839069
20221021 00:00,3641300,3756500,3622400,3756500,13614381
20221024 00:00,3736600,3800600,3716300,3789000,10567227
20221025 00:00,3787600,3852500,3769200,3811800,10480313
20221026 00:00,3822200,3875800,3811000,3837300,11726947
20221027 00:00,3827300,3850000,3738800,3774000,9693091
20221028 00:00,3762700,3902799,3759200,3902000,11484071
20221031 00:00,3884500,3884500,3852600,3867300,9821397
20221101 00:00,3886700,3906800,3833050,3844500,9098545
20221102 00:00,3849900,3886200,3738100,3740800,17798980
20221103 00:00,3752000,3756400,3688000,3703700,11139472
20221104 00:00,3717200,3788650,3691100,3760000,12101701
20221107 00:00,3773399,3805700,3755299,3799900,7013908
20221108 00:00,3791800,3851000,3777300,3826400,10025965
20221109 00:00,3819300,3820400,3736200,3743200,8765664
20221110 00:00,3749800,3960000,3736800,3957000,16953743
20221111 00:00,3977100,3993500,3936300,3985700,10375492
20221114 00:00,3977600,4001700,3948399,3959100,8140549
20221115 00:00,3976500,4034900,3945000,3980800,11207088
20221116 00:00,3991900,4000299,3948000,3961900,7719480
20221117 00:00,3962500,3963800,3900500,3941500,8556215
20221118 00:00,3944800,3980800,3930500,3959500,9363962
20221121 00:00,3943399,3958000,3927000,3945700,6111472
20221122 00:00,3941500,4000700,3939600,3998399,7125001
20221123 00:00,4000700,4030600,3992000,4030500,6946807
20221125 00:00,4031000,4031800,4015200,4020100,2892959
20221128 00:00,4000100,4008100,3951100,3962100,7005298
20221129 00:00,3977400,3979700,3933100,3949700,6034741
20221130 00:00,3961900,4087000,3934800,4082600,17474226
20221201 00:00,4073200,4100000,4047500,4070299,9019505
20221202 00:00,4072300,4078500,4000899,4060000,9141987
20221205 00:00,4058100,4058700,3981700,4002500,8308799
20221206 00:00,4007200,4007200,3916500,3942600,9915904
20221207 00:00,3944000,3956400,3909800,3933000,7207203
20221208 00:00,3939500,3973600,3934600,3959600,7051431
20221209 00:00,3970100,3987000,3927500,3929400,8574413
20221212 00:00,3930899,3989300,3929500,3987400,7261201
20221213 00:00,3991900,4141000,3990800,4018600,15087749
20221214 00:00,4022100,4055000,3963100,4002600,14108253
20221215 00:00,3963300,3963300,3878800,3895800,12851769
20221216 00:00,3855700,3865700,3810400,3826000,12287135
20221219 00:00,3848600,3853900,3782900,3805500,7764209
20221220 00:00,3797799,3822300,3778600,3817000,7147669
20221221 00:00,3825200,3874100,3819000,3866200,7699555
20221222 00:00,3869700,3871000,3747700,3806200,11573117
20221223 00:00,3810700,3830600,3780550,3829300,6362193
20221227 00:00,3852000,3857200,3796600,3813800,5806704
20221228 00:00,3820000,3833800,3764300,3773200,7268298
20221229 00:00,3779800,3843500,3779800,3827700,7407817
20221230 00:00,3810800,3831300,3784500,3830800,9868818
20230103 00:00,3859300,3868200,3778399,3807900,8711799
20230104 00:00,3825000,3858800,3800000,3836500,10896019
20230105 00:00,3829400,3849600,3787700,3800899,8803521
20230106 00:00,3800000,3892500,3784300,3878000,13097442
20230109 00:00,3886200,3937000,3873800,3873800,8460681
20230110 00:00,3872900,3908100,3856700,3907200,7726864
20230111 00:00,3904500,3958399,3903600,3953399,7808540
20230112 00:00,3955000,3987700,3920500,3971400,11027460
20230113 00:00,3969200,3991000,3929700,3982500,7252493
20230117 00:00,3974700,4002100,3965200,3968100,6831866
20230118 00:00,3982300,4001100,3912500,3915100,11463251
20230119 00:00,3901200,3910600,3872700,3890299,9738498
20230120 00:00,3894400,3962300,3883600,3960800,9531665
20230123 00:00,3954900,4026450,3951400,4003700,10677569
20230124 00:00,4002100,4017600,3976600,3988100,7277924
20230125 00:00,3988000,4010200,3935700,4008500,9948938
20230126 00:00,4014000,4049200,4000299,4035200,8711327
20230127 00:00,4034200,4081600,4031100,4055899,8624133
20230130 00:00,4026600,4051200,4003000,4016800,9425557
20230131 00:00,3997500,4065299,3982500,4055600,9752905
20230201 00:00,4052000,4136700,4023500,4123800,13259363
20230202 00:00,4133300,4183100,4120700,4140000,12432133
20230203 00:00,4133100,4169600,4108399,4119600,11007236
20230206 00:00,4102200,4113000,4081000,4106700,7153092
20230207 00:00,4100100,4164900,4075700,4145299,11783635
20230208 00:00,4143300,4146100,4099400,4111600,9405824
20230209 00:00,4137300,4149600,4058100,4072600,9573033
20230210 00:00,4074300,4084400,4041100,4079800,8810335
20230213 00:00,4080800,4130899,4077400,4128800,7697618
20230214 00:00,4126600,4165600,4085150,4120000,11214655
20230215 00:00,4111700,4142700,4094800,4140000,7488308
20230216 00:00,4142700,4147700,4070800,4071400,10737643
20230217 00:00,4057900,4075100,4040600,4072000,11229680
20230221 00:00,4036200,4053000,3988200,3996000,10471535
20230222 00:00,3992700,4011300,3970150,3996000,10668528
20230223 00:00,4006100,4021900,3962500,3999900,14174261
20230224 00:00,3995899,3998900,3936450,3962500,13456332
20230227 00:00,3978800,4012900,3967600,3980700,11111231
20230228 00:00,3970200,3993100,3951900,3953800,12753431
20230301 00:00,3974600,3981000,3933800,3949900,12275487
20230302 00:00,3927400,3986900,3919100,3970899,11384840
20230303 00:00,3976800,4046400,3976800,4046400,12256817
20230306 00:00,4045700,4074500,4035600,4047600,10071508
20230307 00:00,4053399,4056800,3976250,3984500,15994390
20230308 00:00,3988200,3997000,3965899,3988500,10465903
20230309 00:00,3981800,4014800,3903000,3906900,15378597
20230310 00:00,3892200,3937900,3843300,3868500,24849533
20230313 00:00,3916700,3917600,3805000,3857500,25110120
20230314 00:00,3868399,3934500,3847799,3916300,21929289
20230315 00:00,3919400,3924200,3833500,3887700,26523727
20230316 00:00,3905700,3965100,3862900,3960000,20719379
20230317 00:00,3949100,3959000,3885550,3910500,17848392
20230320 00:00,3877300,3941700,3852300,3936600,14629727
20230321 00:00,3946700,3994100,3943300,3988900,11887705
20230322 00:00,3978800,4024900,3918900,3927400,19468819
20230323 00:00,3950400,3992900,3903600,3938399,18199181
20230324 00:00,3948200,3965500,3893399,3964800,15806719
20230327 00:00,3958399,3989200,3955650,3970200,11086223
20230328 00:00,3964300,3967200,3936900,3966700,9176532
20230329 00:00,3988399,4016000,3985200,4009300,11106202
20230330 00:00,4026600,4043399,4017600,4042000,10342931
20230331 00:00,4038100,4098500,4036700,4097600,15536783
20230403 00:00,4091800,4113650,4083700,4105899,11137028
20230404 00:00,4107400,4127100,4072400,4090899,11184190
20230405 00:00,4083000,4086700,4058900,4072799,9941512
20230406 00:00,4076200,4094700,4056800,4087799,9845338
20230410 00:00,4090600,4101500,4059700,4101300,10047413
20230411 00:00,4099600,4111800,4089300,4099000,8444102
20230412 00:00,4099000,4137500,4071700,4072000,13583398
20230413 00:00,4089600,4138350,4080299,4131000,11543775
20230414 00:00,4132700,4150850,4100650,4131300,12263764
20230417 00:00,4134400,4142799,4110850,4138600,9686352
20230418 00:00,4142000,4160600,4127900,4138800,9857987
20230419 00:00,4130299,4150700,4114800,4129400,9339280
20230420 00:00,4115299,4137000,4102700,4116600,10178172
20230421 00:00,4114800,4126800,4101800,4120299,9460089
20230424 00:00,4107300,4130650,4105500,4122600,8908654
20230425 00:00,4106300,4111500,4059600,4079200,13842974
20230426 00:00,4074600,4079800,4037799,4054000,12595544
20230427 00:00,4066200,4135700,4060100,4118500,14074345
20230428 00:00,4113100,4163100,4102200,4161800,12318080
20230501 00:00,4161500,4176100,4148000,4150100,9437262
20230502 00:00,4153800,4153900,4078200,4109900,15137862
20230503 00:00,4113900,4138700,4050100,4065899,16405847
20230504 00:00,4087799,4087799,4037400,4063300,13859014
20230505 00:00,4065400,4137200,4062600,4122500,12288292
20230508 00:00,4126700,4136000,4112900,4125100,8172044
20230509 00:00,4119900,4121800,4106900,4113500,6810872
20230510 00:00,4100000,4149100,4088700,4133399,15062584
20230511 00:00,4142900,4145400,4099700,4124300,9834372
20230512 00:00,4132200,4142500,4090750,4108399,9066314
20230515 00:00,4132200,4135000,4102300,4125600,8229476
20230516 00:00,4128399,4128900,4099800,4108100,8360455
20230517 00:00,4107600,4158600,4106350,4149600,11503661
20230518 00:00,4157300,4206500,4143200,4198900,14319069
20230519 00:00,4198300,4208600,4173500,4186000,12247686
20230522 00:00,4184800,4203900,4173500,4199400,9617806
20230523 00:00,4184900,4187900,4136800,4147300,12634930
20230524 00:00,4130800,4144000,4098800,4129000,12249368
20230525 00:00,4126700,4161600,4124200,4138800,13706925
20230526 00:00,4138000,4210000,4138000,4206000,12523482
20230530 00:00,4215600,4229900,4187400,4202900,10330411
20230531 00:00,4192600,4198000,4162300,4184200,14905841
20230601 00:00,4185800,4229100,4167900,4220000,13294684
20230602 00:00,4231900,4287300,4223800,4280200,12928885
20230605 00:00,4280300,4296200,4263700,4266400,9179575
20230606 00:00,4273600,4285750,4259950,4284800,8672888
20230607 00:00,4275500,4296100,4261200,4266200,11241557
20230608 00:00,4265300,4296000,4258200,4288200,10021177
20230609 00:00,4284000,4319900,4281700,4299000,12062026
20230612 00:00,4313800,4341500,4301800,4338000,11049039
20230613 00:00,4347500,4373300,4331400,4367700,13341712
20230614 00:00,4375600,4390600,4335900,4372600,12917520
20230615 00:00,4369900,4438900,4349400,4418800,13897922
20230616 00:00,4405600,4431700,4389700,4395000,11138982
20230620 00:00,4386900,4387100,4350400,4374200,9889696
20230621 00:00,4370100,4376400,4343350,4350000,10397664
20230622 00:00,4338300,4368800,4334800,4366800,8510838
20230623 00:00,4345300,4350600,4324800,4327900,10306850
20230626 00:00,4327800,4346100,4311900,4322500,10658982
20230627 00:00,4324700,4368100,4315900,4354500,9146749
20230628 00:00,4354200,4374300,4344100,4369500,10041740
20230629 00:00,4363000,4384000,4355800,4383000,9540933
20230630 00:00,4387600,4443000,4387000,4428700,15217655
20230703 00:00,4436100,4440900,4426300,4438700,4592504
20230705 00:00,4431800,4438800,4414800,4428300,7052446
20230706 00:00,4414700,4417500,4370600,4394900,11675676
20230707 00:00,4389700,4426400,4382900,4386500,12291623
20230710 00:00,4370900,4399000,4370400,4396800,7206367
20230711 00:00,4396400,4429700,4391400,4424200,8982178
20230712 00:00,4431100,4474700,4430600,4464000,12401889
20230713 00:00,4473300,4503750,4470900,4493700,9530129
20230714 00:00,4494300,4513600,4484900,4491400,8408098
20230717 00:00,4492200,4519300,4482500,4502900,7094340
20230718 00:00,4507900,4548600,4500000,4540500,11258709
20230719 00:00,4540900,4564300,4536900,4540000,8980925
20230720 00:00,4547500,4550900,4514500,4522500,9595457
20230721 00:00,4530000,4547400,4518700,4519500,8975111
20230724 00:00,4530600,4550300,4527200,4543100,6717946
20230725 00:00,4544900,4567300,4538400,4553200,6724120
20230726 00:00,4557800,4569800,4533800,4556000,10250363
20230727 00:00,4578100,4595500,4515600,4527400,11826476
20230728 00:00,4542300,4577700,4536900,4570800,11272514
20230731 00:00,4566300,4581600,4560500,4578100,7901097
20230801 00:00,4572300,4572500,4536500,4549800,7127828
20230802 00:00,4527200,4547700,4493500,4508500,12536990
20230803 00:00,4480600,4511300,4473700,4498700,8836616
20230804 00:00,4510400,4528900,4462700,4468900,14107822
20230807 00:00,4490200,4510700,4474400,4507200,8623333
20230808 00:00,4498200,4498700,4452800,4486500,9612983
20230809 00:00,4500200,4506300,4449700,4468000,12027427
20230810 00:00,4484500,4517000,4447100,4464400,14201154
20230811 00:00,4462500,4467000,4433600,4458200,11282657
20230814 00:00,4471500,4487900,4443800,4485100,8225681
20230815 00:00,4460300,4466400,4423100,4431500,11071309
20230816 00:00,4437500,4443400,4393900,4395400,11391400
20230817 00:00,4402000,4415100,4355500,4360700,11962169
20230818 00:00,4358700,4375650,4330100,4361600,13726912
20230821 00:00,4377400,4401100,4353200,4386500,10441425
20230822 00:00,4406300,4420600,4375700,4381900,10403678
20230823 00:00,4398700,4457900,4382000,4450900,10481440
20230824 00:00,4458000,4463200,4362900,4371900,17131716
20230825 00:00,4375200,4412900,4350000,4396500,16484726
20230828 00:00,4403200,4434000,4402100,4428300,10614947
20230829 00:00,4426800,4496200,4419500,4494500,13405265
20230830 00:00,4492900,4516700,4482900,4510800,11706424
20230831 00:00,4519200,4529800,4501700,4506500,11190099
20230901 00:00,4515800,4536700,4496800,4509200,10075137
20230905 00:00,4495900,4510600,4489000,4491700,9494722
20230906 00:00,4479800,4486500,4438100,4461000,13140408
20230907 00:00,4454800,4457000,4427500,4450500,13249195
20230908 00:00,4456200,4471100,4437800,4451100,9703975
20230911 00:00,4474700,4487700,4464700,4480500,10578661
20230912 00:00,4475000,4485300,4453950,4460100,11651362
20230913 00:00,4459900,4477000,4442000,4470000,11940686
20230914 00:00,4475800,4510700,4472100,4506700,13121452
20230915 00:00,4493900,4495900,4429200,4432900,17140620
20230918 00:00,4440900,4449600,4423500,4438800,9708630
20230919 00:00,4441000,4445600,4399400,4428600,11753581
20230920 00:00,4427500,4444500,4378700,4378700,14068627
20230921 00:00,4377400,4378800,4308000,4311100,17911685
20230922 00:00,4318300,4340900,4299900,4306500,18139027
20230925 00:00,4318800,4326400,4282500,4321200,12019259
20230926 00:00,4298700,4310300,4250200,4265500,16821047
20230927 00:00,4280000,4281000,4222900,4266600,17153456
20230928 00:00,4262800,4302400,4248700,4286700,14941096
20230929 00:00,4302600,4320000,4259100,4274500,19874097
20231002 00:00,4297800,4301800,4244600,4273800,16167253
20231003 00:00,4274600,4284800,4201900,4215800,18671762
20231004 00:00,4204400,4254300,4201000,4241400,17255591
20231005 00:00,4240600,4254500,4211800,4239200,12258490
20231006 00:00,4247800,4311200,4197300,4302000,21501745
20231009 00:00,4261200,4328800,4259100,4322600,12685082
20231010 00:00,4326100,4372100,4320200,4346200,14682640
20231011 00:00,4347300,4373600,4331800,4373600,11568464
20231012 00:00,4376000,4386000,4312400,4339400,14427179
20231013 00:00,4346100,4364500,4298800,4305100,15473919
20231016 00:00,4319500,4371400,4313000,4360800,13268362
20231017 00:00,4359700,4381400,4324500,4350500,14630927
20231018 00:00,4351800,4356000,4290900,4304000,17573396
20231019 00:00,4289300,4328200,4253200,4257900,25604988
20231020 00:00,4256000,4267300,4206000,4208000,20509702
20231023 00:00,4204100,4244400,4178000,4218000,16657839
20231024 00:00,4219100,4254900,4207400,4233000,13172478
20231025 00:00,4219400,4229400,4153100,4157200,15764672
20231026 00:00,4152100,4173250,4116300,4148600,20957883
20231027 00:00,4145700,4153600,4092100,4103800,18990020
20231030 00:00,4131500,4166800,4122200,4151500,14560656
20231031 00:00,4147300,4185000,4142100,4173500,13155663
20231101 00:00,4174100,4238300,4162500,4236000,17333637
20231102 00:00,4239500,4310100,4237800,4298900,15014530
20231103 00:00,4301400,4363000,4298500,4352700,14751641
20231106 00:00,4354400,4361400,4336750,4348800,11517908
20231107 00:00,4350000,4375850,4339400,4367600,11070269
20231108 00:00,4366900,4380900,4348700,4366100,9728970
20231109 00:00,4374900,4388100,4334000,4336300,12823070
20231110 00:00,4344400,4410900,4333100,4399600,13062439
20231113 00:00,4395700,4413200,4384200,4403800,7069787
20231114 00:00,4408800,4500550,4399200,4493500,14488350
20231115 00:00,4505700,4517600,4488100,4493600,11761796
20231116 00:00,4496000,4508400,4481200,4503800,11569758
20231117 00:00,4512400,4519400,4493000,4502500,9266426
20231120 00:00,4505100,4551250,4504300,4544100,10507972
20231121 00:00,4540500,4542000,4519000,4527300,8524256
20231122 00:00,4534400,4563800,4533300,4547100,9619409
20231124 00:00,4552500,4557800,4547300,4553900,3547353
20231127 00:00,4546200,4554900,4540500,4548100,7783258
20231128 00:00,4541200,4562600,4533000,4550200,9755551
20231129 00:00,4559500,4583100,4542100,4548800,9295756
20231130 00:00,4550800,4567550,4533400,4560900,12854404
20231201 00:00,4570700,4598900,4551800,4597400,13135501
20231204 00:00,4582100,4582300,4543600,4559500,11892117
20231205 00:00,4556800,4575900,4546300,4567400,11005395
20231206 00:00,4576300,4589300,4543100,4545100,10090956
20231207 00:00,4544500,4588900,4542000,4577600,9712603
20231208 00:00,4580800,4607450,4557100,4604000,11472285
20231211 00:00,4597900,4621650,4594100,4620300,9541097
20231212 00:00,4622500,4648000,4606000,4647100,8690129
20231213 00:00,4648500,4713100,4641200,4713100,11623632
20231214 00:00,4720600,4737200,4692500,4716900,14574698
20231215 00:00,4712400,4716500,4684400,4699500,15123053
20231218 00:00,4706100,4729700,4701200,4717900,8356300
20231219 00:00,4723600,4749200,4723200,4746000,7938109
20231220 00:00,4744100,4758900,4673600,4688600,13627821
20231221 00:00,4707100,4729900,4688400,4725900,11002594
20231222 00:00,4721000,4753800,4717000,4731900,8888305
20231226 00:00,4744100,4765800,4738300,4758100,6626877
20231227 00:00,4756900,4766900,4748950,4765500,8328926
20231228 00:00,4770600,4775400,4762600,4770000,7473099
20231229 00:00,4773800,4774600,4733100,4752500,14702435
20240102 00:00,4763700,4763700,4704900,4726400,16338649
20240103 00:00,4721500,4722200,4681700,4690800,15480355
20240104 00:00,4694400,4709600,4670500,4678400,11343706
20240105 00:00,4668400,4704300,4646600,4683500,12943270
20240108 00:00,4675000,4747500,4661500,4742100,12511240
20240109 00:00,4734500,4749300,4713550,4737700,10012367
20240110 00:00,4739500,4774400,4734000,4768000,10888150
20240111 00:00,4783900,4787500,4722700,4760500,12271716
20240112 00:00,4766700,4786000,4741700,4757000,9688662
20240116 00:00,4743600,4766000,4730700,4750800,11543334
20240117 00:00,4726400,4736300,4698700,4722000,11413023
20240118 00:00,4726400,4770500,4724300,4768800,11784740
20240119 00:00,4778400,4827500,4769400,4824400,13600135
20240122 00:00,4836000,4852150,4827900,4836300,12463545
20240123 00:00,4833600,4859100,4828900,4858300,8513554
20240124 00:00,4868500,4887700,4844100,4853400,14321676
20240125 00:00,4857700,4883000,4853900,4870900,12322544
20240126 00:00,4862800,4891200,4860200,4869500,10195389
20240129 00:00,4877500,4914150,4871700,4910900,8836877
20240130 00:00,4912300,4916200,4881500,4889100,9413071
20240131 00:00,4894300,4896500,4827000,4837000,18284038
20240201 00:00,4848300,4926100,4838100,4916400,14703867
20240202 00:00,4921300,4960400,4889500,4942700,13981375
20240205 00:00,4936600,4941800,4902300,4921700,10781658
20240206 00:00,4930800,4943200,4920200,4937900,9328663
20240207 00:00,4939600,4985300,4935000,4979000,10942290
20240208 00:00,4979900,4987000,4972500,4982500,8669585
20240209 00:00,4989600,5016500,4984900,5010000,10574436
20240212 00:00,5009800,5035000,5000400,5005500,8300421
20240213 00:00,4995600,5000000,4907200,4942600,15647340
20240214 00:00,4953300,4993300,4944000,4989500,11422396
20240215 00:00,5001200,5025000,4988000,5022000,10517853
20240216 00:00,5027500,5033000,4985100,4987600,10977951
20240220 00:00,4984200,4987500,4944600,4963300,10882163
20240221 00:00,4953700,4997400,4935600,4996800,8927100
20240222 00:00,5030800,5084800,5024400,5077500,12491993
20240223 00:00,5073700,5101300,5070700,5071600,9456638
20240226 00:00,5071400,5087400,5056000,5059100,8047291
20240227 00:00,5058100,5073000,5047500,5067600,7500094
20240228 00:00,5057700,5068550,5045200,5050500,8378591
20240229 00:00,5052600,5097400,5046500,5080800,13111639
20240301 00:00,5091200,5132800,5073900,5120500,10403659
20240304 00:00,5127400,5141900,5115000,5115500,8599563
20240305 00:00,5107600,5112400,5049100,5073500,11564221
20240306 00:00,5085700,5120599,5084100,5096500,12460470
20240307 00:00,5088100,5158900,5087000,5146900,10811101
20240308 00:00,5157700,5182200,5111300,5117200,14447766
20240311 00:00,5113600,5126400,5085100,5126400,10300606
20240312 00:00,5133400,5173800,5104400,5170400,12475059
20240313 00:00,5172700,5174700,5144900,5165700,8904044
20240314 00:00,5174299,5183099,5118250,5142200,16495772
20240315 00:00,5126500,5145300,5083500,5097900,13874227
20240318 00:00,5111500,5154800,5109700,5124200,10546037
20240319 00:00,5124400,5159950,5102900,5154500,9476832
20240320 00:00,5155200,5220300,5150700,5218700,12873572
20240321 00:00,5233800,5241100,5219200,5228400,9386805
20240322 00:00,5222600,5231000,5207500,5207500,10096694
20240325 00:00,5207900,5213099,5195000,5204500,8430080
20240326 00:00,5209800,5222300,5184000,5197000,9149393
20240327 00:00,5203800,5235400,5194900,5224100,12661944
20240328 00:00,5228099,5246100,5224000,5230000,11775470
20240401 00:00,5254400,5255500,5209800,5216600,7811302
20240402 00:00,5217400,5223300,5164800,5187500,11663963
20240403 00:00,5177800,5212600,5174000,5207000,9938824
20240404 00:00,5212200,5238600,5125700,5133800,17837050
20240405 00:00,5144400,5204400,5125100,5186799,15195001
20240408 00:00,5189600,5201799,5172300,5188000,9251202
20240409 00:00,5182600,5207500,5143500,5195400,10945286
20240410 00:00,5199900,5213900,5112700,5131500,14893764
20240411 00:00,5145000,5194750,5115000,5182500,12698230
20240412 00:00,5183600,5185900,5090800,5100100,14813287
20240415 00:00,5136600,5153099,5035850,5047900,15424993
20240416 00:00,5043200,5064900,5022300,5049100,13121432
20240417 00:00,5042700,5063200,4991200,5010600,13526764
20240418 00:00,5025800,5041200,4982900,4986800,13334635
20240419 00:00,4974900,5004500,4938600,4947500,15947033
20240422 00:00,4966300,5023800,4954400,4993500,12517836
20240423 00:00,5001400,5070000,4998500,5065200,11062184
20240424 00:00,5067200,5073600,5016300,5024600,10104357
20240425 00:00,5024700,5083900,4974900,5071100,13184875
20240426 00:00,5072900,5098800,5057100,5085700,10916331
20240429 00:00,5096400,5107500,5072500,5098300,8303691
20240430 00:00,5097100,5099600,5001500,5012600,12015777
20240501 00:00,5006700,5081800,4995400,5022900,15333110
20240502 00:00,5034600,5073700,4995500,5064800,11271563
20240503 00:00,5062800,5125500,5062200,5124500,11599094
20240506 00:00,5119300,5166300,5118500,5164500,7905520
20240507 00:00,5163500,5185700,5162400,5173099,8396025
20240508 00:00,5173900,5177100,5149800,5170000,6791529
20240509 00:00,5164500,5207400,5158500,5205599,7410738
20240510 00:00,5212300,5226300,5195900,5199500,7868977
20240513 00:00,5214900,5227300,5197400,5208000,6288398
20240514 00:00,5210599,5238300,5182800,5236000,9459658
20240515 00:00,5234800,5303000,5231200,5301700,10212246
20240516 00:00,5304000,5315200,5282000,5287200,8081501
20240517 00:00,5287700,5297200,5273300,5296000,7393277
20240520 00:00,5299900,5315599,5291700,5299500,5713530
20240521 00:00,5302800,5315200,5290800,5314299,4919484
20240522 00:00,5311100,5315100,5276000,5309600,7001352
20240523 00:00,5325700,5340000,5247300,5261000,8162364
20240524 00:00,5266600,5302700,5266400,5293800,5585097
20240528 00:00,5302800,5312500,5271100,5292700,5333609
20240529 00:00,5290000,5290000,5238000,5241300,6114550
20240530 00:00,5234900,5251900,5213400,5218300,6473988
20240531 00:00,5219400,5283500,5183650,5282600,11574462
20240603 00:00,5275400,5291500,5226000,5275300,7104108
20240604 00:00,5268300,5291500,5242800,5290400,5259404
20240605 00:00,5289000,5351900,5287400,5349900,7107067
20240606 00:00,5347700,5354100,5326799,5345000,4703779
20240607 00:00,5351200,5368900,5313000,5333099,6319809
20240610 00:00,5334500,5359900,5325000,5351500,5990449
20240611 00:00,5351900,5372400,5320500,5370700,5541284
20240612 00:00,5372700,5441200,5372500,5422200,9127915
20240613 00:00,5425500,5439700,5395900,5424900,5565548
20240614 00:00,5423600,5430900,5388900,5427800,4974589
20240617 00:00,5431600,5484200,5416100,5475100,6677096
20240618 00:00,5468800,5489800,5466100,5488000,4728978
20240620 00:00,5504600,5507700,5451900,5471700,8543650
20240621 00:00,5448700,5456450,5430300,5443800,6052016
20240624 00:00,5451700,5469400,5422500,5430500,6098103
20240625 00:00,5425300,5452000,5424400,5446900,4454282
20240626 00:00,5464000,5464700,5430300,5439900,4747222
20240627 00:00,5447700,5470800,5443800,5470800,4952552
20240628 00:00,5477700,5502800,5429700,5450700,10478594
20240701 00:00,5448400,5458800,5425200,5448400,5177524
20240702 00:00,5435400,5490000,5424500,5482300,5256208
20240703 00:00,5486500,5518300,5482800,5511400,4171503
20240705 00:00,5520800,5550500,5510500,5541100,5591123
20240708 00:00,5543300,5564299,5541900,5564000,4362419
20240709 00:00,5564000,5571799,5555300,5560300,4088667
20240710 00:00,5562800,5616700,5562400,5610599,5688267
20240711 00:00,5613000,5635200,5558300,5565200,8249171
20240712 00:00,5570599,5636700,5553200,5597700,8120771
20240715 00:00,5614000,5648300,5596300,5622200,6450360
20240716 00:00,5612100,5651500,5604500,5644000,5835083
20240717 00:00,5611799,5613300,5564299,5580800,7773289
20240718 00:00,5583099,5595200,5504500,5536000,9193198
20240719 00:00,5517700,5540800,5479100,5489400,8083984
20240722 00:00,5506700,5552700,5505500,5542800,6457484
20240723 00:00,5530000,5567400,5512000,5513300,4494351
20240724 00:00,5499299,5504299,5403000,5425000,10134139
20240725 00:00,5408400,5474500,5374500,5392900,9283357
20240726 00:00,5418400,5471799,5414800,5442700,8694141
20240729 00:00,5451700,5478800,5427200,5434100,5210399
20240730 00:00,5457200,5473400,5379600,5427300,7124094
20240731 00:00,5468700,5536000,5461600,5534600,9704890
20240801 00:00,5523400,5548600,5394400,5411200,12132740
20240802 00:00,5384900,5399200,5286100,5312100,13084453
20240805 00:00,5212400,5235800,5078300,5228800,23221779
20240806 00:00,5225800,5297400,5178700,5199500,12289323
20240807 00:00,5247000,5315800,5140400,5160000,10793725
20240808 00:00,5166100,5320700,5163500,5315800,10956467
20240809 00:00,5313800,5345100,5280700,5329500,7512125
20240812 00:00,5342000,5357300,5309600,5331900,7336026
20240813 00:00,5356400,5422800,5332900,5419700,7809555
20240814 00:00,5420000,5449500,5401600,5437200,6338961
20240815 00:00,5453700,5540000,5435100,5535200,8732043
20240816 00:00,5539000,5550100,5501300,5539000,4750368
20240819 00:00,5541500,5596400,5533099,5592800,5462172
20240820 00:00,5603200,5608500,5573300,5585500,4413540
20240821 00:00,5588800,5621100,5579700,5610800,5297005
20240822 00:00,5611300,5631700,5549800,5570700,7386396
20240823 00:00,5581000,5630900,5572900,5622700,8077292
20240826 00:00,5628099,5639000,5590500,5602300,5022679
20240827 00:00,5610200,5620500,5583200,5607600,5063679
20240828 00:00,5616799,5622700,5533900,5544000,6069088
20240829 00:00,5579800,5636700,5571799,5588600,6617876
20240830 00:00,5608900,5641900,5571400,5634600,7998042
